bus;Pg;Qg;Qmax;Qmin;Vg;mBase;status;Pmax;Pmin;c2;c1;c0
1;0;0;100;-100;1.05;100;1;200;50;0.00533;11.669;213.1
2;50;0;100;-100;1.05;100;1;150;37.5;0.00889;10.333;200
3;60;0;100;-100;1.07;100;1;180;45;0.00741;10.833;240
